user_input,retrieved_contexts,response,reference,faithfulness,answer_relevancy,context_recall
"Welche Methode wird verwendet, um den positiven Atemwegsdruck zu erhöhen und Bronchienerweiterung sowie die Ablösung von Sekreten zu fördern?","['B)** : Verfahren der assistierenden Überdruckbeatmung. Es zielt darauf ab, durch leichten Druck ein positives Atemvolumen zu erreichen, wobei der Atemdruck individuell auf den Patienten angepasst werden kann. Der positive Atemwegsdruck fördert die Bronchienerweiterung und die Ablösung von Sekreten, was deren Abtransport über den physiologischen Hustenreflex erleichtert. \n\n**CPAP-Maske** (Continuous Positive Airway Pressure): Atemunterstützungsverfahren, das bei spontan atmenden Patienten eingesetzt wird. Ei', 'ert auszuatmen generieren, können ein instabiles Bronchialsystem vollständig kollabieren lassen und so eine Sekretmobilisation verhindern._ \n\nTherapiemöglichkeiten: \n\n   - 1) Atemtherapie: Erlernen von speziellen Ausatemtechniken wie z.B. Huffing. Schulung durch Atmungs- und Physiotherapeuten. \n\n   - 2) Oszillierendes PEP System (Acapella, Cornett, Flutter). \n\n   - 3) Anpassung einer Vibrationsweste. \n\n- b) Stenosen im Bronchialsystem und Tracheal-/Bronchialstents: Komplexe Problematik für die immer ein ind', '- Hypoventilation: Atelektasen, die durch oberflächliche Atmung und Minderbelüftung entstehen, häufig begleitet von Sekretretention. \n\n## **5.2 Maßnahmen**\n\nDie folgenden Maßnahmen tragen dazu bei, das Risiko einer Pneumonie zu verringern und die Atemgesundheit zu fördern. \n\n## Pflege: Pneumonie- und Bronchitis-Prophylaxe\n\n## Atemübungen und Atemtherapie \n\n- ˗ Tiefe Atemübungen: Regelmäßiges tiefes Einatmen, um die Lungen vollständig zu belüften und Sekretstau zu verhindern. \n\n- ˗ Atemtraining mit Geräten: ', 'n oder bei bettlägerigen Patienten hilft, die Lungenfunktion zu verbessern. \n\n- ˗ Positionierung und Positionswechsel: Regelmäßiger Wechsel von. Seiten- oder \n\nOberkörperhochlagerung hilft, die Durchblutung zu verbessern und die Belüftung in verschiedenen Lungenbereichen sicherzustellen. \n\n## Sekretmobilisation \n\n- ˗ Vibrations- und Klopfmassagen: Unterstützt den Abtransport von Sekret aus den Atemwegen (indikationsadaptiert). \n\n- ˗ Abhusten fördern: Ermutigen, Sekrete abzuhusten, um eine Obstruktion der At', 'kationsadaptiert). \n\n- ˗ Abhusten fördern: Ermutigen, Sekrete abzuhusten, um eine Obstruktion der Atemwege zu verhindern. \n\n- ˗ Inhalationstherapie: Befeuchtete Luft erleichtert das Lösen von Schleim, Medikamente können Gefäße und Atemwege erweitern und unterstützen damit eine bessere Belüftung der gesamten Lunge \n\n## Flüssigkeitszufuhr \n\nEine ausreichende Flüssigkeitszufuhr ist essenziell, um Schleim in den Atemwegen dünnflüssig zu halten und so das Abhusten zu erleichtern. \n\n## Hygiene und Infektionspräve']","Die Antwort ist [1] B): Verfahren der assistierenden Überdruckbeatmung. Es zielt darauf ab, durch leichten Druck ein positives Atemvolumen zu erreichen, wobei der Atemdruck individuell auf den Patienten angepasst werden kann.

Hier wird die Methode beschrieben, um den positiven Atemwegsdruck zu erhöhen und Bronchienerweiterung sowie die Ablösung von Sekreten zu fördern.",Intermittierende Überdruckinhalation (IPPB),1.0,0.9025563031503356,0.0
Welche Indikationen gelten für die MRSA-Dekolonisation bei Kindern?,"['n: siehe SOP371. \n\nFür die allgemeingültigen Hygienevorgaben wird auf den Leitfaden der Krankenhaushygiene des Instituts für Hygiene und Umweltmedizin der Charité verwiesen. \n\n# **3.**\n\n## **Indikation** \n\nDie Indikation zur Dekolonisation stellt der Arzt unter Berücksichtigung der Notwendigkeit und der Erfolgsaussichten, ggf. nach Rücksprache mit der Krankenhaushygiene. \n\nDie Dekolonisation wird durchgeführt bei: \n\n- Kindern mit bekannter MRSA-Kolonisation an den klassischen Prädilektionsstellen Nase/Rache', 'mit MRSA beim Träger zu reduzieren und die Wahrscheinlichkeit von MRSA-Transmissionen im Krankenhaus auf andere Patienten und das medizinische Personal zu verringern. \n\nDie vorliegende SOP gilt für die MRSA-Dekolonisation bei Kindern. \n\nPräoperative Dekolonisationsbehandlung vor elektiver Herzchirurgie bei Kindern: siehe SOP436. Präoperative Dekolonisationsbehandlung vor elektiver Herzchirurgie bei Erwachsenen: siehe SOP371. \n\nFür die allgemeingültigen Hygienevorgaben wird auf den Leitfaden der Krankenhaush', 'urgie, Aortenchirurgie, Transplantationschirurgie. \n\nBei positiver MRSA-Anamnese ist eine Dekolonisation durchzuführen nach SOP448 MRSASanierungsmaßnahmen bei Kindern. \n\nFür die allgemeingültigen Hygienevorgaben wird auf den Leitfaden der Krankenhaushygiene des Instituts für Hygiene und Umweltmedizin der Charité verwiesen. \n\n# **2. Behandlung**\n\n## **2.1 Bei Neugeborenen bis 15. Lebenstag**\n\n## Benötigt wird: \n\n\uf02d 1x octenisept® (für den Vorabend und für den OP-Morgen) \n\n\uf02d Informationsflyer für Patienten/Elt', 'e bzw. Waschlösung und antiseptischen Nasengels, um die Bakterienflora auf körpereigenen Oberflächen (Haut, Nasenschleimhaut) vor dem Eingriff zu reduzieren und somit das Risiko der Entstehung postoperativer Wundinfektionen weiter zu senken. \n\nDurchgeführt wird die Dekolonisationsbehandlung bei Neugeborenen, Säuglingen und Kindern vor elektiven herzchirurgischen Eingriffen wie Bypasschirurgie, Herzklappenchirurgie, Aortenchirurgie, Transplantationschirurgie. \n\nBei positiver MRSA-Anamnese ist eine Dekolonisa', 'ßnahme werden erwachsene Patienten vor folgenden elektiven herzchirurgischen Eingriffen einbezogen: \n\n- Bypass-Chirurgie \n\n- Herzklappen-Chirurgie \n\n- Aorten-Chirurgie \n\n- Transplantationschirurgie \n\nDie Maßnahmen zur MRSA-Sanierung bei Neugeborenen, Säuglingen und Kindern sind in der gleichnamigen SOP448 geregelt. \n\n# **3. Ablauf der Behandlung**\n\n## **3.1 Generelle präoperative Dekolonisation**\n\nDie Patienten erhalten am Vortag der Operation ein Dekolonisationsset und werden über die Anwendung informiert.']","Diese Information ist in den SOPs nicht vorhanden. Es wird jedoch erwähnt, dass die Indikation zur Dekolonisation vom Arzt unter Berücksichtigung der Notwendigkeit und der Erfolgsaussichten gestellt wird, ggf. nach Rücksprache mit der Krankenhaushygiene.","- Kinder mit bekannter MRSA-Kolonisation an den klassischen Prädilektionsstellen Nase/Rachen, ohne Beteiligung von Wunden - Vor einem elektiven Eingriff (z. B. Herz-, Thorax-, Gefäßchirurgie)",0.6666666666666666,0.0,1.0
"Welche OP wird einsatzbereit gehalten, um akute Notfälle außerhalb der Regelarbeitszeit zu versorgen, und welche Nummer haben die entsprechenden Mitarbeiter?","['he unter Einsatz von OP-Funktionsdiensten oder Mitarbeitenden der auf der IPS AHF versorgt werden. Für die Versorgung akuter Notfälle außerhalb der Regelarbeitszeit wird durch die Anästhesie der OP 5 einsatzbereit gehalten. \n\n# **4. Vorgehen bei eingeschränkter Kapazität**\n\nBei konkurrierenden Notfällen der operativen Fachabteilungen, welche aufgrund eingeschränkter Personalressourcen nicht simultan versorgt werden können, wird die Versorgungspriorität durch das OPManagement respektive den anästhesiologisch', 'rurgie (HTG) werden werktags bis 16:00 Uhr durch die beauftragten OP-Planenden beim OP-Management (2710) angemeldet. Nach 16:00 Uhr und an Wochenenden erfolgt die Anmeldung durch den diensthabenden Arzt bzw. die Ärztin bei dem anästhesiologischen Oberarzt bzw. der Oberärztin oder bei dem diensthabenden Mitarbeitenden (2710/2611). Für die Versorgung akuter Notfälle außerhalb der Regelarbeitszeit wird durch die Anästhesie der OP 4 einsatzbereit gehalten. \n\n# **3. Notfälle CAH**\n\nNotfälle der Klinik für Chirur', '||1005||1005||885||1005||420|||\n||||||||||||||\n|CAH||1140||||||||||0|\n|||||1140||1005||1140||1140|||\n||||||||||||||\n|AHF||0||0||45||0||0||0|\n\n## **2.3 Kardiologische OP-Kapazität**\n\nElektive Fälle mit chirurgischem Stand-by werden in Abstimmung mit der HTG in den Device-Kapazitäten geplant. \n\n## **2.4 Notfallversorgung**\n\nDie Inbetriebnahme eines zusätzlichen mit Rufdiensten betriebenen OP-Saals zur Versorgung von Notfällen hat automatisch zur Folge, dass zum nächstmöglichen Zeitpunkt ein elektiv laufender ', 'ung erfolgt werktäglich bis 17:00 sowie samstags bis 12:00 Uhr, bei akuten Engpässen kann der Apothekenrufdienst (via Telefonzentrale 97-111) für eine Nachlieferung aktiviert werden. Dies sollte nur erfolgen, falls die Sicherstellung der Versorgung nicht über eines der beiden weiteren Notfalldepots (WD1i AP oder W1i CVK) abgebildet werden kann. \n\nEine Inventur des Notfalldepots erfolgt regelmäßig durch Apothekenmitarbeitende, bei Rückfragen stehen die verantwortlichen Mitarbeiterinnen der Apotheke zur Verfü', '|---|\n|**Kontakt**|**CVK**|**DHZC**|\n|Erster Dienst Herzchirurgie|siehe Dienstplan|97-2330|\n|Erster Dienst Kardioanästhesie\nOP-Koordinator|665 011|97-2710|\n|Anästhesie-Pflege|bis 20:00 Uhr: 665 560\nab 20:00 Uhr: 651 222|97-1761|\n|Radiologie|Diensthabender Radiologe: *8844|MTRA: 97-2475 / 97-2470|\n|Postoperatives Intensivbett|W1i: 651 300\n665 101|WD1I: 97-2111|\n|||WD2I: 97-2080|\n|OP-Pflege|665 051|97-2710|\n|Telelift|entfällt|1-10-500|\n|Patientenaufnahme|entfällt|97-1000|\n\n# **6. Literatur**\n\n1. Erbel R et al']","Bei akuten Notfällen außerhalb der Regelarbeitszeit wird die Anästhesie des OP 4 einsatzbereit gehalten. Die entsprechenden Mitarbeiter sind:

* Bei werktäglichen Notfällen bis 16:00 Uhr beim OP-Management (2710) anzumelden.
* Nach 16:00 Uhr und an Wochenenden beim diensthabenden Arzt bzw. der Ärztin beim anästhesiologischen Oberarzt bzw. der Oberärztin oder beim diensthabenden Mitarbeitenden (2710/2611) anzumelden.

Die Telefonnummern für die Anmeldung sind nicht in diesem Dokument aufgeführt.","Für akute Notfälle außerhalb der Regelarbeitszeit wird für die Klinik HTG (Herz-, Thorax- und Gefäßchirurgie) die OP 4 und für die Klinik CAH (Chirurgie Angeborener Herzfehler) die OP 5 einsatzbereit gehalten. Die Anmeldung erfolgt jeweils über das OP-Management bzw. den anästhesiologischen Oberarzt unter den Telefonnummern 2710 oder 2611.",1.0,0.7849506959062587,0.75
